--------------------------------------------------------
--  File created - Wednesday-June-07-2017   
--------------------------------------------------------
--------------------------------------------------------
--  DDL for Table AUTHOR
--------------------------------------------------------

  CREATE TABLE "HR"."AUTHOR" 
   (	"AUTHOR_ID" NUMBER, 
	"AUTHOR_NAME" VARCHAR2(40 BYTE)
   ) SEGMENT CREATION IMMEDIATE 
  PCTFREE 10 PCTUSED 40 INITRANS 1 MAXTRANS 255 NOCOMPRESS LOGGING
  STORAGE(INITIAL 65536 NEXT 1048576 MINEXTENTS 1 MAXEXTENTS 2147483645
  PCTINCREASE 0 FREELISTS 1 FREELIST GROUPS 1 BUFFER_POOL DEFAULT FLASH_CACHE DEFAULT CELL_FLASH_CACHE DEFAULT)
  TABLESPACE "USERS" ;
--------------------------------------------------------
--  DDL for Table BOOK_AUTHOR
--------------------------------------------------------

  CREATE TABLE "HR"."BOOK_AUTHOR" 
   (	"ISBN" NUMBER, 
	"AUTHOR_ID" NUMBER
   ) SEGMENT CREATION IMMEDIATE 
  PCTFREE 10 PCTUSED 40 INITRANS 1 MAXTRANS 255 NOCOMPRESS LOGGING
  STORAGE(INITIAL 65536 NEXT 1048576 MINEXTENTS 1 MAXEXTENTS 2147483645
  PCTINCREASE 0 FREELISTS 1 FREELIST GROUPS 1 BUFFER_POOL DEFAULT FLASH_CACHE DEFAULT CELL_FLASH_CACHE DEFAULT)
  TABLESPACE "USERS" ;
--------------------------------------------------------
--  DDL for Table BOOK
--------------------------------------------------------

  CREATE TABLE "HR"."BOOK" 
   (	"ISBN" NUMBER(15,0), 
	"TITLE" VARCHAR2(50 BYTE), 
	"CATEGORY" VARCHAR2(20 BYTE), 
	"PUBLISHING_YEAR" NUMBER, 
	"EDITION" NUMBER, 
	"NO_OF_COPIES" NUMBER
   ) SEGMENT CREATION IMMEDIATE 
  PCTFREE 10 PCTUSED 40 INITRANS 1 MAXTRANS 255 NOCOMPRESS LOGGING
  STORAGE(INITIAL 65536 NEXT 1048576 MINEXTENTS 1 MAXEXTENTS 2147483645
  PCTINCREASE 0 FREELISTS 1 FREELIST GROUPS 1 BUFFER_POOL DEFAULT FLASH_CACHE DEFAULT CELL_FLASH_CACHE DEFAULT)
  TABLESPACE "USERS" ;
REM INSERTING into HR.AUTHOR
SET DEFINE OFF;
Insert into HR.AUTHOR (AUTHOR_ID,AUTHOR_NAME) values (1,'Julia Sussman');
Insert into HR.AUTHOR (AUTHOR_ID,AUTHOR_NAME) values (2,'Marvin Minsky');
Insert into HR.AUTHOR (AUTHOR_ID,AUTHOR_NAME) values (3,'George Boole');
Insert into HR.AUTHOR (AUTHOR_ID,AUTHOR_NAME) values (4,'Leonhard Euler');
Insert into HR.AUTHOR (AUTHOR_ID,AUTHOR_NAME) values (21,'Donald Knuth');
Insert into HR.AUTHOR (AUTHOR_ID,AUTHOR_NAME) values (22,'Issac Newton');
REM INSERTING into HR.BOOK_AUTHOR
SET DEFINE OFF;
Insert into HR.BOOK_AUTHOR (ISBN,AUTHOR_ID) values (9788173715274,1);
Insert into HR.BOOK_AUTHOR (ISBN,AUTHOR_ID) values (9788173715274,3);
Insert into HR.BOOK_AUTHOR (ISBN,AUTHOR_ID) values (9788173715273,2);
Insert into HR.BOOK_AUTHOR (ISBN,AUTHOR_ID) values (9788173715273,4);
Insert into HR.BOOK_AUTHOR (ISBN,AUTHOR_ID) values (9788173715275,2);
Insert into HR.BOOK_AUTHOR (ISBN,AUTHOR_ID) values (9788173715276,1);
Insert into HR.BOOK_AUTHOR (ISBN,AUTHOR_ID) values (9788173715276,3);
REM INSERTING into HR.BOOK
SET DEFINE OFF;
Insert into HR.BOOK (ISBN,TITLE,CATEGORY,PUBLISHING_YEAR,EDITION,NO_OF_COPIES) values (9788173715273,'Structure and Interpretation of Computer Programs','technical',1995,2,1);
Insert into HR.BOOK (ISBN,TITLE,CATEGORY,PUBLISHING_YEAR,EDITION,NO_OF_COPIES) values (9788173715274,'How to Design Programs','technical',1996,2,1);
Insert into HR.BOOK (ISBN,TITLE,CATEGORY,PUBLISHING_YEAR,EDITION,NO_OF_COPIES) values (9788173715275,'Concepts,techniques of Computer Programming','technical',1999,1,2);
Insert into HR.BOOK (ISBN,TITLE,CATEGORY,PUBLISHING_YEAR,EDITION,NO_OF_COPIES) values (9788173715276,'The Art of Computer Programming','technical',1991,2,5);
--------------------------------------------------------
--  DDL for Index AUTHOR_PK
--------------------------------------------------------

  CREATE UNIQUE INDEX "HR"."AUTHOR_PK" ON "HR"."AUTHOR" ("AUTHOR_ID") 
  PCTFREE 10 INITRANS 2 MAXTRANS 255 COMPUTE STATISTICS 
  STORAGE(INITIAL 65536 NEXT 1048576 MINEXTENTS 1 MAXEXTENTS 2147483645
  PCTINCREASE 0 FREELISTS 1 FREELIST GROUPS 1 BUFFER_POOL DEFAULT FLASH_CACHE DEFAULT CELL_FLASH_CACHE DEFAULT)
  TABLESPACE "USERS" ;
--------------------------------------------------------
--  DDL for Index BOOK_PK
--------------------------------------------------------

  CREATE UNIQUE INDEX "HR"."BOOK_PK" ON "HR"."BOOK" ("ISBN") 
  PCTFREE 10 INITRANS 2 MAXTRANS 255 COMPUTE STATISTICS 
  STORAGE(INITIAL 65536 NEXT 1048576 MINEXTENTS 1 MAXEXTENTS 2147483645
  PCTINCREASE 0 FREELISTS 1 FREELIST GROUPS 1 BUFFER_POOL DEFAULT FLASH_CACHE DEFAULT CELL_FLASH_CACHE DEFAULT)
  TABLESPACE "USERS" ;
--------------------------------------------------------
--  Constraints for Table AUTHOR
--------------------------------------------------------

  ALTER TABLE "HR"."AUTHOR" ADD CONSTRAINT "AUTHOR_PK" PRIMARY KEY ("AUTHOR_ID")
  USING INDEX PCTFREE 10 INITRANS 2 MAXTRANS 255 COMPUTE STATISTICS 
  STORAGE(INITIAL 65536 NEXT 1048576 MINEXTENTS 1 MAXEXTENTS 2147483645
  PCTINCREASE 0 FREELISTS 1 FREELIST GROUPS 1 BUFFER_POOL DEFAULT FLASH_CACHE DEFAULT CELL_FLASH_CACHE DEFAULT)
  TABLESPACE "USERS"  ENABLE;
  ALTER TABLE "HR"."AUTHOR" MODIFY ("AUTHOR_NAME" NOT NULL ENABLE);
  ALTER TABLE "HR"."AUTHOR" MODIFY ("AUTHOR_ID" NOT NULL ENABLE);
--------------------------------------------------------
--  Constraints for Table BOOK_AUTHOR
--------------------------------------------------------

  ALTER TABLE "HR"."BOOK_AUTHOR" MODIFY ("AUTHOR_ID" NOT NULL ENABLE);
  ALTER TABLE "HR"."BOOK_AUTHOR" MODIFY ("ISBN" NOT NULL ENABLE);
--------------------------------------------------------
--  Constraints for Table BOOK
--------------------------------------------------------

  ALTER TABLE "HR"."BOOK" ADD CONSTRAINT "BOOK_PK" PRIMARY KEY ("ISBN")
  USING INDEX PCTFREE 10 INITRANS 2 MAXTRANS 255 COMPUTE STATISTICS 
  STORAGE(INITIAL 65536 NEXT 1048576 MINEXTENTS 1 MAXEXTENTS 2147483645
  PCTINCREASE 0 FREELISTS 1 FREELIST GROUPS 1 BUFFER_POOL DEFAULT FLASH_CACHE DEFAULT CELL_FLASH_CACHE DEFAULT)
  TABLESPACE "USERS"  ENABLE;
  ALTER TABLE "HR"."BOOK" MODIFY ("TITLE" NOT NULL ENABLE);
  ALTER TABLE "HR"."BOOK" MODIFY ("ISBN" NOT NULL ENABLE);
